Date,year,MOnth,Dates
01-01-2021 00:00,2021,Jan,01
02-01-2021 00:00,2021,Jan,02
03-01-2021 00:00,2021,Jan,03
04-01-2021 00:00,2021,Jan,04
05-01-2021 00:00,2021,Jan,05
06-01-2021 00:00,2021,Jan,06
07-01-2021 00:00,2021,Jan,07
08-01-2021 00:00,2021,Jan,08
09-01-2021 00:00,2021,Jan,09
10-01-2021 00:00,2021,Jan,10
11-01-2021 00:00,2021,Jan,11
12-01-2021 00:00,2021,Jan,12
13-01-2021 00:00,2021,Jan,13
14-01-2021 00:00,2021,Jan,14
15-01-2021 00:00,2021,Jan,15
16-01-2021 00:00,2021,Jan,16
17-01-2021 00:00,2021,Jan,17
18-01-2021 00:00,2021,Jan,18
19-01-2021 00:00,2021,Jan,19
20-01-2021 00:00,2021,Jan,20
21-01-2021 00:00,2021,Jan,21
22-01-2021 00:00,2021,Jan,22
23-01-2021 00:00,2021,Jan,23
24-01-2021 00:00,2021,Jan,24
25-01-2021 00:00,2021,Jan,25
26-01-2021 00:00,2021,Jan,26
27-01-2021 00:00,2021,Jan,27
28-01-2021 00:00,2021,Jan,28
29-01-2021 00:00,2021,Jan,29
30-01-2021 00:00,2021,Jan,30
31-01-2021 00:00,2021,Jan,31
01-02-2021 00:00,2021,Feb,01
02-02-2021 00:00,2021,Feb,02
03-02-2021 00:00,2021,Feb,03
04-02-2021 00:00,2021,Feb,04
05-02-2021 00:00,2021,Feb,05
06-02-2021 00:00,2021,Feb,06
07-02-2021 00:00,2021,Feb,07
08-02-2021 00:00,2021,Feb,08
09-02-2021 00:00,2021,Feb,09
10-02-2021 00:00,2021,Feb,10
11-02-2021 00:00,2021,Feb,11
12-02-2021 00:00,2021,Feb,12
13-02-2021 00:00,2021,Feb,13
14-02-2021 00:00,2021,Feb,14
15-02-2021 00:00,2021,Feb,15
16-02-2021 00:00,2021,Feb,16
17-02-2021 00:00,2021,Feb,17
18-02-2021 00:00,2021,Feb,18
19-02-2021 00:00,2021,Feb,19
20-02-2021 00:00,2021,Feb,20
21-02-2021 00:00,2021,Feb,21
22-02-2021 00:00,2021,Feb,22
23-02-2021 00:00,2021,Feb,23
24-02-2021 00:00,2021,Feb,24
25-02-2021 00:00,2021,Feb,25
26-02-2021 00:00,2021,Feb,26
27-02-2021 00:00,2021,Feb,27
28-02-2021 00:00,2021,Feb,28
01-03-2021 00:00,2021,Mar,01
02-03-2021 00:00,2021,Mar,02
03-03-2021 00:00,2021,Mar,03
04-03-2021 00:00,2021,Mar,04
05-03-2021 00:00,2021,Mar,05
06-03-2021 00:00,2021,Mar,06
07-03-2021 00:00,2021,Mar,07
08-03-2021 00:00,2021,Mar,08
09-03-2021 00:00,2021,Mar,09
10-03-2021 00:00,2021,Mar,10
11-03-2021 00:00,2021,Mar,11
12-03-2021 00:00,2021,Mar,12
13-03-2021 00:00,2021,Mar,13
14-03-2021 00:00,2021,Mar,14
15-03-2021 00:00,2021,Mar,15
16-03-2021 00:00,2021,Mar,16
17-03-2021 00:00,2021,Mar,17
18-03-2021 00:00,2021,Mar,18
19-03-2021 00:00,2021,Mar,19
20-03-2021 00:00,2021,Mar,20
21-03-2021 00:00,2021,Mar,21
22-03-2021 00:00,2021,Mar,22
23-03-2021 00:00,2021,Mar,23
24-03-2021 00:00,2021,Mar,24
25-03-2021 00:00,2021,Mar,25
26-03-2021 00:00,2021,Mar,26
27-03-2021 00:00,2021,Mar,27
28-03-2021 00:00,2021,Mar,28
29-03-2021 00:00,2021,Mar,29
30-03-2021 00:00,2021,Mar,30
31-03-2021 00:00,2021,Mar,31
01-04-2021 00:00,2021,Apr,01
02-04-2021 00:00,2021,Apr,02
03-04-2021 00:00,2021,Apr,03
04-04-2021 00:00,2021,Apr,04
05-04-2021 00:00,2021,Apr,05
06-04-2021 00:00,2021,Apr,06
07-04-2021 00:00,2021,Apr,07
08-04-2021 00:00,2021,Apr,08
09-04-2021 00:00,2021,Apr,09
10-04-2021 00:00,2021,Apr,10
11-04-2021 00:00,2021,Apr,11
12-04-2021 00:00,2021,Apr,12
13-04-2021 00:00,2021,Apr,13
14-04-2021 00:00,2021,Apr,14
15-04-2021 00:00,2021,Apr,15
16-04-2021 00:00,2021,Apr,16
17-04-2021 00:00,2021,Apr,17
18-04-2021 00:00,2021,Apr,18
19-04-2021 00:00,2021,Apr,19
20-04-2021 00:00,2021,Apr,20
21-04-2021 00:00,2021,Apr,21
22-04-2021 00:00,2021,Apr,22
23-04-2021 00:00,2021,Apr,23
24-04-2021 00:00,2021,Apr,24
25-04-2021 00:00,2021,Apr,25
26-04-2021 00:00,2021,Apr,26
27-04-2021 00:00,2021,Apr,27
28-04-2021 00:00,2021,Apr,28
29-04-2021 00:00,2021,Apr,29
30-04-2021 00:00,2021,Apr,30
01-05-2021 00:00,2021,May,01
02-05-2021 00:00,2021,May,02
03-05-2021 00:00,2021,May,03
04-05-2021 00:00,2021,May,04
05-05-2021 00:00,2021,May,05
06-05-2021 00:00,2021,May,06
07-05-2021 00:00,2021,May,07
08-05-2021 00:00,2021,May,08
09-05-2021 00:00,2021,May,09
10-05-2021 00:00,2021,May,10
11-05-2021 00:00,2021,May,11
12-05-2021 00:00,2021,May,12
13-05-2021 00:00,2021,May,13
14-05-2021 00:00,2021,May,14
15-05-2021 00:00,2021,May,15
16-05-2021 00:00,2021,May,16
17-05-2021 00:00,2021,May,17
18-05-2021 00:00,2021,May,18
19-05-2021 00:00,2021,May,19
20-05-2021 00:00,2021,May,20
21-05-2021 00:00,2021,May,21
22-05-2021 00:00,2021,May,22
23-05-2021 00:00,2021,May,23
24-05-2021 00:00,2021,May,24
25-05-2021 00:00,2021,May,25
26-05-2021 00:00,2021,May,26
27-05-2021 00:00,2021,May,27
28-05-2021 00:00,2021,May,28
29-05-2021 00:00,2021,May,29
30-05-2021 00:00,2021,May,30
31-05-2021 00:00,2021,May,31
01-06-2021 00:00,2021,Jun,01
02-06-2021 00:00,2021,Jun,02
03-06-2021 00:00,2021,Jun,03
04-06-2021 00:00,2021,Jun,04
05-06-2021 00:00,2021,Jun,05
06-06-2021 00:00,2021,Jun,06
07-06-2021 00:00,2021,Jun,07
08-06-2021 00:00,2021,Jun,08
09-06-2021 00:00,2021,Jun,09
10-06-2021 00:00,2021,Jun,10
11-06-2021 00:00,2021,Jun,11
12-06-2021 00:00,2021,Jun,12
13-06-2021 00:00,2021,Jun,13
14-06-2021 00:00,2021,Jun,14
15-06-2021 00:00,2021,Jun,15
16-06-2021 00:00,2021,Jun,16
17-06-2021 00:00,2021,Jun,17
18-06-2021 00:00,2021,Jun,18
19-06-2021 00:00,2021,Jun,19
20-06-2021 00:00,2021,Jun,20
21-06-2021 00:00,2021,Jun,21
22-06-2021 00:00,2021,Jun,22
23-06-2021 00:00,2021,Jun,23
24-06-2021 00:00,2021,Jun,24
25-06-2021 00:00,2021,Jun,25
26-06-2021 00:00,2021,Jun,26
27-06-2021 00:00,2021,Jun,27
28-06-2021 00:00,2021,Jun,28
29-06-2021 00:00,2021,Jun,29
30-06-2021 00:00,2021,Jun,30
01-07-2021 00:00,2021,Jul,01
02-07-2021 00:00,2021,Jul,02
03-07-2021 00:00,2021,Jul,03
04-07-2021 00:00,2021,Jul,04
05-07-2021 00:00,2021,Jul,05
06-07-2021 00:00,2021,Jul,06
07-07-2021 00:00,2021,Jul,07
08-07-2021 00:00,2021,Jul,08
09-07-2021 00:00,2021,Jul,09
10-07-2021 00:00,2021,Jul,10
11-07-2021 00:00,2021,Jul,11
12-07-2021 00:00,2021,Jul,12
13-07-2021 00:00,2021,Jul,13
14-07-2021 00:00,2021,Jul,14
15-07-2021 00:00,2021,Jul,15
16-07-2021 00:00,2021,Jul,16
17-07-2021 00:00,2021,Jul,17
18-07-2021 00:00,2021,Jul,18
19-07-2021 00:00,2021,Jul,19
20-07-2021 00:00,2021,Jul,20
21-07-2021 00:00,2021,Jul,21
22-07-2021 00:00,2021,Jul,22
23-07-2021 00:00,2021,Jul,23
24-07-2021 00:00,2021,Jul,24
25-07-2021 00:00,2021,Jul,25
26-07-2021 00:00,2021,Jul,26
27-07-2021 00:00,2021,Jul,27
28-07-2021 00:00,2021,Jul,28
29-07-2021 00:00,2021,Jul,29
30-07-2021 00:00,2021,Jul,30
31-07-2021 00:00,2021,Jul,31
01-08-2021 00:00,2021,Aug,01
02-08-2021 00:00,2021,Aug,02
03-08-2021 00:00,2021,Aug,03
04-08-2021 00:00,2021,Aug,04
05-08-2021 00:00,2021,Aug,05
06-08-2021 00:00,2021,Aug,06
07-08-2021 00:00,2021,Aug,07
08-08-2021 00:00,2021,Aug,08
09-08-2021 00:00,2021,Aug,09
10-08-2021 00:00,2021,Aug,10
11-08-2021 00:00,2021,Aug,11
12-08-2021 00:00,2021,Aug,12
13-08-2021 00:00,2021,Aug,13
14-08-2021 00:00,2021,Aug,14
15-08-2021 00:00,2021,Aug,15
16-08-2021 00:00,2021,Aug,16
17-08-2021 00:00,2021,Aug,17
18-08-2021 00:00,2021,Aug,18
19-08-2021 00:00,2021,Aug,19
20-08-2021 00:00,2021,Aug,20
21-08-2021 00:00,2021,Aug,21
22-08-2021 00:00,2021,Aug,22
23-08-2021 00:00,2021,Aug,23
24-08-2021 00:00,2021,Aug,24
25-08-2021 00:00,2021,Aug,25
26-08-2021 00:00,2021,Aug,26
27-08-2021 00:00,2021,Aug,27
28-08-2021 00:00,2021,Aug,28
29-08-2021 00:00,2021,Aug,29
30-08-2021 00:00,2021,Aug,30
31-08-2021 00:00,2021,Aug,31
01-09-2021 00:00,2021,Sep,01
02-09-2021 00:00,2021,Sep,02
03-09-2021 00:00,2021,Sep,03
04-09-2021 00:00,2021,Sep,04
05-09-2021 00:00,2021,Sep,05
06-09-2021 00:00,2021,Sep,06
07-09-2021 00:00,2021,Sep,07
08-09-2021 00:00,2021,Sep,08
09-09-2021 00:00,2021,Sep,09
10-09-2021 00:00,2021,Sep,10
11-09-2021 00:00,2021,Sep,11
12-09-2021 00:00,2021,Sep,12
13-09-2021 00:00,2021,Sep,13
14-09-2021 00:00,2021,Sep,14
15-09-2021 00:00,2021,Sep,15
16-09-2021 00:00,2021,Sep,16
17-09-2021 00:00,2021,Sep,17
18-09-2021 00:00,2021,Sep,18
19-09-2021 00:00,2021,Sep,19
20-09-2021 00:00,2021,Sep,20
21-09-2021 00:00,2021,Sep,21
22-09-2021 00:00,2021,Sep,22
23-09-2021 00:00,2021,Sep,23
24-09-2021 00:00,2021,Sep,24
25-09-2021 00:00,2021,Sep,25
26-09-2021 00:00,2021,Sep,26
27-09-2021 00:00,2021,Sep,27
28-09-2021 00:00,2021,Sep,28
29-09-2021 00:00,2021,Sep,29
30-09-2021 00:00,2021,Sep,30
01-10-2021 00:00,2021,Oct,01
02-10-2021 00:00,2021,Oct,02
03-10-2021 00:00,2021,Oct,03
04-10-2021 00:00,2021,Oct,04
05-10-2021 00:00,2021,Oct,05
06-10-2021 00:00,2021,Oct,06
07-10-2021 00:00,2021,Oct,07
08-10-2021 00:00,2021,Oct,08
09-10-2021 00:00,2021,Oct,09
10-10-2021 00:00,2021,Oct,10
11-10-2021 00:00,2021,Oct,11
12-10-2021 00:00,2021,Oct,12
13-10-2021 00:00,2021,Oct,13
14-10-2021 00:00,2021,Oct,14
15-10-2021 00:00,2021,Oct,15
16-10-2021 00:00,2021,Oct,16
17-10-2021 00:00,2021,Oct,17
18-10-2021 00:00,2021,Oct,18
19-10-2021 00:00,2021,Oct,19
20-10-2021 00:00,2021,Oct,20
21-10-2021 00:00,2021,Oct,21
22-10-2021 00:00,2021,Oct,22
23-10-2021 00:00,2021,Oct,23
24-10-2021 00:00,2021,Oct,24
25-10-2021 00:00,2021,Oct,25
26-10-2021 00:00,2021,Oct,26
27-10-2021 00:00,2021,Oct,27
28-10-2021 00:00,2021,Oct,28
29-10-2021 00:00,2021,Oct,29
30-10-2021 00:00,2021,Oct,30
31-10-2021 00:00,2021,Oct,31
01-11-2021 00:00,2021,Nov,01
02-11-2021 00:00,2021,Nov,02
03-11-2021 00:00,2021,Nov,03
04-11-2021 00:00,2021,Nov,04
05-11-2021 00:00,2021,Nov,05
06-11-2021 00:00,2021,Nov,06
07-11-2021 00:00,2021,Nov,07
08-11-2021 00:00,2021,Nov,08
09-11-2021 00:00,2021,Nov,09
10-11-2021 00:00,2021,Nov,10
11-11-2021 00:00,2021,Nov,11
12-11-2021 00:00,2021,Nov,12
13-11-2021 00:00,2021,Nov,13
14-11-2021 00:00,2021,Nov,14
15-11-2021 00:00,2021,Nov,15
16-11-2021 00:00,2021,Nov,16
17-11-2021 00:00,2021,Nov,17
18-11-2021 00:00,2021,Nov,18
19-11-2021 00:00,2021,Nov,19
20-11-2021 00:00,2021,Nov,20
21-11-2021 00:00,2021,Nov,21
22-11-2021 00:00,2021,Nov,22
23-11-2021 00:00,2021,Nov,23
24-11-2021 00:00,2021,Nov,24
25-11-2021 00:00,2021,Nov,25
26-11-2021 00:00,2021,Nov,26
27-11-2021 00:00,2021,Nov,27
28-11-2021 00:00,2021,Nov,28
29-11-2021 00:00,2021,Nov,29
30-11-2021 00:00,2021,Nov,30
01-12-2021 00:00,2021,Dec,01
02-12-2021 00:00,2021,Dec,02
03-12-2021 00:00,2021,Dec,03
04-12-2021 00:00,2021,Dec,04
05-12-2021 00:00,2021,Dec,05
06-12-2021 00:00,2021,Dec,06
07-12-2021 00:00,2021,Dec,07
08-12-2021 00:00,2021,Dec,08
09-12-2021 00:00,2021,Dec,09
10-12-2021 00:00,2021,Dec,10
11-12-2021 00:00,2021,Dec,11
12-12-2021 00:00,2021,Dec,12
